{"train_loss": [536.1648884122334, 284.32444835844495, 277.3383280436198, 270.6973661392454, 268.98616584898934, 264.8633904835535, 263.59594169495597, 261.4311831035311, 259.49616180904326, 257.489022633386, 257.97484600733196, 256.0553930373419, 254.10510859413753, 253.03348989335316, 253.19852338518416, 250.78653486948164, 253.0187302846757, 252.46318926130022, 249.6581818111359, 249.47855631510416, 250.19075084867933, 249.2913847423735, 249.25128512912326, 250.10616605243985, 247.9685511513362, 246.93318781777035, 248.6356661357577, 246.68494645376055, 246.31375436934215, 247.48722330729166, 247.10206022716704, 246.32135518391928, 245.79013061523438, 245.2880144876147, 246.2667023189484, 244.08607749333459, 245.79630388532365, 245.11661565871466, 243.1915050688244, 242.71089656769283, 243.53107294960628, 243.68069118923611, 242.4673532152933, 243.8015897236173, 243.09761870853484, 241.85667928059897, 242.30672951350135, 242.72864423479353, 242.7300039624411, 242.3337646968781], "val_loss": [303.53199885441705, 285.3952448918269, 282.11714524489184, 324.494880089393, 274.93958458533655, 296.6579848069411, 276.01596304086536, 265.1711214505709, 269.0666973407452, 269.08136573204627, 264.3231846736028, 271.1655402550331, 263.8280264047476, 264.3323575533353, 260.2534367487981, 260.75184513972357, 265.87504812387317, 262.0541276198167, 258.0411611703726, 262.4166517991286, 257.84843679574817, 261.58613351675183, 259.0608097956731, 260.7571458082933, 259.25535348745495, 261.17631765512317, 261.99733088566705, 262.5364931546725, 258.33934490497296, 259.8854675292969, 254.6758774977464, 254.61691401554987, 254.99791658841647, 256.1346130371094, 254.382080078125, 256.90294001652643, 253.11231877253607, 254.58544452373798, 253.39201002854568, 253.884520310622, 254.0580549973708, 255.0419417161208, 256.42487863393933, 252.41654498760516, 252.09802715594952, 254.0929929293119, 253.76428809532752, 257.71583205003003, 253.12649536132812, 252.01579988919772]}