{"heatmap": {"train": [0.0218385766223073, 0.0033367511611431836, 0.002727312592789531, 0.0023931222669780253, 0.002080498967319727, 0.0017490225685760378, 0.0013921626126393676, 0.0010343093811534345, 0.0007518622437492013, 0.0005595697769895196, 0.00043984878342598674, 0.0003589481909293681, 0.00030417806352488696, 0.00026231796701904386, 0.00023174334305804223, 0.00020771142072044312, 0.00018817351548932492, 0.00017281072726473213, 0.0001596601258497685, 0.00014801281783729793, 0.00013739805412478744, 0.0001283200584584847, 0.00012054848641855642, 0.00011389688291819767, 0.00010714758600806817, 0.0001011889285291545, 9.562075568828732e-05, 9.081191255245357e-05, 8.611748478142544e-05, 8.188774244626984e-05], "val": [0.00386736617423594, 0.0029475297499448063, 0.0025991954747587444, 0.0022948085144162177, 0.0020049656461924316, 0.0016823339462280274, 0.0012940450059249998, 0.0009048537444323302, 0.0006545292027294636, 0.0005009011249057949, 0.00040532543091103434, 0.0003398170857690275, 0.0002903117472305894, 0.0002512009197380394, 0.0002250490541337058, 0.0002032936312025413, 0.00018419991189148278, 0.00016958235937636346, 0.00015874483215156944, 0.00014977499144151806, 0.00013748527388088405, 0.00012910590914543717, 0.00012081413471605629, 0.00011338110867654905, 0.00010770975786726922, 0.00010139102989342063, 9.54498359351419e-05, 9.051071450812743e-05, 8.791338419541716e-05, 8.501081931171938e-05]}, "regression": {"train": [0.022234309643507005, 0.016256574228405953, 0.015007986679673195, 0.014016410917043686, 0.013302730016410351, 0.011928418718278409, 0.010013030678033828, 0.009015015594661236, 0.009121419042348861, 0.008341198422014712, 0.008341266050934791, 0.00829234577715397, 0.008180951204150915, 0.008242439426481724, 0.00785317177325487, 0.007671899538487196, 0.007635261569172144, 0.007632976658642292, 0.007459956508129835, 0.007423720203340054, 0.007260330349206924, 0.007309138350188732, 0.007324704654514789, 0.007118950024247169, 0.00717375223338604, 0.007109526269137859, 0.007048723556101322, 0.007038150683045388, 0.007216046717017889, 0.006961092617362738], "val": [0.017257857769727707, 0.011885309889912606, 0.011443642601370811, 0.011268487237393855, 0.01122052188962698, 0.008355873934924603, 0.007901969198137522, 0.008568102158606053, 0.005992419142276048, 0.0066622672788798805, 0.005890096575021744, 0.006252488400787115, 0.006085822191089392, 0.009306421652436257, 0.006327469572424888, 0.006160986330360174, 0.005923114866018295, 0.006133263949304819, 0.008795404322445393, 0.006368161775171756, 0.006223016381263733, 0.006349808573722839, 0.006057091113179922, 0.005708109550178051, 0.005909335520118475, 0.0066797111742198465, 0.006829846482723952, 0.005735622178763151, 0.0057478628866374495, 0.005717132203280926]}}